model;ALL_accuracy;ALL_balanced_accuracy;ALL_f1_score;ALL_precision;ALL_recall;ALL_stdev;BTU_accuracy;BTU_balanced_accuracy;BTU_f1_score;BTU_precision;BTU_recall;BTU_stdev;HEC_accuracy;HEC_balanced_accuracy;HEC_f1_score;HEC_precision;HEC_recall;HEC_stdev;HFF_accuracy;HFF_balanced_accuracy;HFF_f1_score;HFF_precision;HFF_recall;HFF_stdev;SPS_accuracy;SPS_balanced_accuracy;SPS_f1_score;SPS_precision;SPS_recall;SPS_stdev;SSH_accuracy;SSH_balanced_accuracy;SSH_f1_score;SSH_precision;SSH_recall;SSH_stdev
DecisionTree;0.7333333333333334;0.6102178245035388;0.597353215624917;0.6174641235566071;0.6102178245035388;0.08989641778448962;0.5907407407407408;0.5521326302423865;0.5353548982635091;0.5389297735367382;0.5521326302423865;0.05950695781636275;0.7150537634408601;0.6660232631700024;0.6697554731217853;0.7140639131400001;0.6660232631700024;0.05484143411207743;0.5333333333333333;0.5277837592114077;0.5404241413510926;0.5812515032512936;0.5277837592114077;0.09741025917958367;0.7333333333333334;0.7354525862068965;0.7353023625246405;0.7464539341188313;0.7354525862068965;0.0389330413322099;0.37596387724473423;0.30599672863823807;0.3090948180762035;0.32143906073591494;0.30599672863823807;0.033651647462421184
DecisionTree_SMOTETomek;0.6736842105263158;0.5431697931697931;0.5402464853796022;0.5664365550636535;0.5431697931697931;0.07617070830458685;0.562962962962963;0.5132412421589251;0.5178244897512702;0.537348914558137;0.5132412421589251;0.04176851125471632;0.7150537634408601;0.6900642684610077;0.690226036710619;0.7117770906629602;0.6900642684610077;0.05703770990544961;0.5523809523809523;0.611117092544741;0.6147629183105386;0.6370075898270526;0.611117092544741;0.049564691851660195;0.6499999999999999;0.6557112068965517;0.6511113330581139;0.6537149478539764;0.6557112068965517;0.026680658875081843;0.41114216219013616;0.3731671542992298;0.3601155698383041;0.36457770471677337;0.3731671542992298;0.04832008606967065
DecisionTree_SMOTEENN;0.1842105263157895;0.2564247921390778;0.12843395389143952;0.11047834225885411;0.2564247921390778;0.03630354940663171;0.4277777777777778;0.5359924408247579;0.44233746791468437;0.44978248631093076;0.5359924408247579;0.0846996941488629;0.5618279569892473;0.6247052564987348;0.5566549243123285;0.5773717100879685;0.6247052564987348;0.12450733666521588;0.4238095238095238;0.47744999521485304;0.38436302498538905;0.47947996144679106;0.47744999521485304;0.06975440825853771;0.6222222222222222;0.6280531609195402;0.5643173455474592;0.6037185847755371;0.6280531609195402;0.09010526018414237;0.18941158205247632;0.2862483777578117;0.20840325215878927;0.24104710000270804;0.2862483777578117;0.04374230962587633
DecisionTree_OverSampler;0.7035087719298246;0.6061464990036418;0.5950755294689133;0.5994731893911508;0.6061464990036418;0.10292176470210138;0.5537037037037038;0.5326202574525746;0.5399772796673347;0.5641677387096758;0.5326202574525746;0.0412595603610202;0.7096774193548386;0.690752242926156;0.687904644544067;0.7064121303929362;0.690752242926156;0.04681243495803891;0.5412698412698412;0.5799897119341564;0.5847690944983379;0.6035527614007844;0.5799897119341564;0.05102108890581441;0.7277777777777777;0.7291666666666666;0.728247650250892;0.7325647432916149;0.7291666666666666;0.06957270220232056;0.40980955338198005;0.38046897197840596;0.3720123740504877;0.37667014662981974;0.38046897197840596;0.03529850570871316
DecisionTree_SMOTE;nan;nan;nan;nan;nan;nan;0.5333333333333333;0.4952565879242708;0.5015371195700918;0.5362518619316518;0.4952565879242708;0.029109400218309996;0.7311827956989249;0.731625258799172;0.714213636396282;0.7170625915634496;0.731625258799172;0.1052648488162254;0.5682539682539682;0.587490429706192;0.598630210562941;0.6243776134317215;0.587490429706192;0.02593151267297269;0.7166666666666667;0.7209051724137931;0.7178181324633771;0.7225925831362024;0.7209051724137931;0.04733614249695111;0.3862236712725768;0.3750274533293401;0.3664309403822465;0.37417070007187075;0.3750274533293401;0.03215509398687532
DecisionTree_BorderlineSmote;0.7631578947368421;0.6225348725348726;0.6139640001572149;0.629700332101035;0.6225348725348726;0.07714016802430254;0.5740740740740741;0.50392149686357;0.5014990668660532;0.5142316866695749;0.50392149686357;0.08489871129782994;0.7553763440860215;0.7352836726478031;0.7295476498572828;0.7409951509207803;0.7352836726478031;0.0782917386510397;0.5666666666666667;0.6149870801033592;0.6199813133601338;0.6338143872486155;0.6149870801033592;0.03835800005501715;0.6999999999999998;0.7034841954022988;0.7043701099725251;0.7084003496986649;0.7034841954022988;0.0482182704479107;0.424364746674947;0.36422504818731233;0.3663398606292248;0.3816364533921846;0.36422504818731233;0.03524846790714496
DecisionTree_SVMSMOTE;nan;nan;nan;nan;nan;nan;0.5611111111111111;0.5416805010707451;0.5360502432063724;0.5434160079757611;0.5416805010707451;0.04058640685654543;0.8010752688172044;0.7857696399815967;0.7707829211377349;0.7746755018172352;0.7857696399815967;0.0816637337988467;0.5777777777777778;0.604316202507417;0.591001611807616;0.5884467285175545;0.604316202507417;0.06772740447615987;0.6518518518518518;0.6538553639846744;0.6531682651904934;0.6615855427630789;0.6538553639846744;0.0355276073262018;0.4154504994048543;0.3895800216554934;0.38382973608757937;0.39173143309439135;0.3895800216554934;0.03707964517254274
DecisionTree_OverSampler_UnderSampler;0.19824561403508775;0.1695698481412767;0.15699331275431086;0.19379347095356045;0.1695698481412767;0.05674033275516682;0.4944444444444444;0.5200814192582485;0.487941412799524;0.49986366856774983;0.5200814192582485;0.05454727385802074;0.6478494623655914;0.660745197837589;0.6349745275662774;0.6680944685729662;0.660745197837589;0.07846322581774048;0.3904761904761904;0.45201095798641017;0.37846883337876475;0.3983268410125802;0.45201095798641017;0.05534146222486746;0.6833333333333332;0.6864224137931033;0.6865452857000758;0.6896347132873556;0.6864224137931033;0.04262601876148216;0.2981679863375252;0.3195131737584568;0.2829660397016175;0.3049422883517318;0.3195131737584568;0.08568657761333427
DecisionTree_OverSampler_OneSidedSelection;0.3877192982456141;0.2747715247715248;0.26262025882685;0.2993240574696849;0.2747715247715248;0.14324146535144971;0.38518518518518513;0.4350755206852768;0.38238082593960127;0.3899075793902212;0.4350755206852768;0.05851522494423332;0.6478494623655914;0.6095726938118242;0.6048746043975061;0.6469973789826731;0.6095726938118242;0.15080830897762101;0.5380952380952381;0.5802887836156571;0.5480445867899052;0.5653841869108858;0.5802887836156571;0.07010406484245411;0.638888888888889;0.6285919540229884;0.5344649502433635;0.49779815610395023;0.6285919540229884;0.028221752366158686;0.42734047508150913;0.350818032421806;0.3471866170726818;0.36061611449032044;0.350818032421806;0.03288517593179504
DecisionTree_OverSampler_ClusterCentroids;0.26842105263157895;0.23862777434206003;0.22372425247168992;0.285133900317171;0.23862777434206003;0.06528883195920993;0.49074074074074076;0.5035731849451363;0.4885581153771195;0.5074622480066674;0.5035731849451363;0.06556114727726906;0.6693548387096774;0.6662576201978375;0.6465695494449365;0.6563284720453838;0.6662576201978375;0.06166373889382507;0.44285714285714284;0.4929299454493253;0.4264118600567646;0.42839404197793596;0.4929299454493253;0.06237335611451545;0.6907407407407408;0.6946240421455938;0.6931462056142775;0.6939926292784451;0.6946240421455938;0.032947122362657004;0.3245743414583657;0.3548312100198893;0.3174853182989496;0.3282288218172145;0.3548312100198893;0.025463399691998526
DecisionTree_SMOTE_UnderSampler;nan;nan;nan;nan;nan;nan;0.512962962962963;0.5280890281804916;0.5040761996808308;0.5191461829426491;0.5280890281804916;0.05893555718117891;0.6182795698924731;0.6469907407407408;0.6135288996235327;0.6343158871667645;0.6469907407407408;0.04809850223838298;0.4761904761904761;0.5477976361374295;0.47267882125032257;0.4627665982768398;0.5477976361374295;0.06935793133038015;0.7018518518518518;0.7041427203065135;0.7067733403721458;0.712181125409172;0.7041427203065135;0.0402286652205456;0.31740671738342907;0.3514659693904976;0.31152477385782723;0.31934904618491794;0.3514659693904976;0.05513664589737436
DecisionTree_SMOTE_ClusterCentroids;nan;nan;nan;nan;nan;nan;0.4907407407407407;0.476892624651771;0.4732074290072592;0.5047382453776479;0.476892624651771;0.07886825856983172;0.6801075268817204;0.7016376236484932;0.6662712960499128;0.6784197973449976;0.7016376236484932;0.07652496224079186;0.3904761904761904;0.482253086419753;0.38656319890198937;0.4052657970006921;0.482253086419753;0.1212583457132362;0.6722222222222222;0.6786997126436781;0.674344950895123;0.677067998403376;0.6786997126436781;0.05045488757806441;0.3009884593489624;0.33164428164428167;0.3006334211412291;0.31578536113433137;0.33164428164428167;0.0717313905992586
DecisionTree_BorderlineSmote_UnderSampler;0.22631578947368425;0.21028310314024598;0.18360538923638822;0.22211118808906338;0.21028310314024598;0.05865038164124719;0.49074074074074076;0.5117191971307825;0.48826193362298675;0.5067134385782965;0.5117191971307825;0.061177458544429866;0.6451612903225806;0.678548424200598;0.6578333160694494;0.6879528579831026;0.678548424200598;0.06329402112348584;0.42698412698412697;0.5019678916642741;0.4259928603753609;0.433973171794592;0.5019678916642741;0.09673111466283212;0.7037037037037037;0.7064176245210728;0.7063993749916287;0.7122958071725992;0.7064176245210728;0.049643028030824994;0.32152098535424106;0.35428559909691987;0.3196492083595277;0.3304253470721459;0.35428559909691987;0.04409355340787031
DecisionTree_BorderlineSmote_OneSidedSelection;0.47543859649122805;0.3409434480863052;0.3279644342313088;0.3455685216839873;0.3409434480863052;0.1269110428483253;0.42037037037037034;0.46009180690583135;0.42940507951709145;0.45651972610208014;0.46009180690583135;0.041397762411569984;0.6935483870967741;0.6497203531170922;0.648523518275329;0.6816437090816784;0.6497203531170922;0.11064369201246596;0.5968253968253968;0.6329553067279166;0.6283990752462524;0.6449243481878036;0.6329553067279166;0.048532818055603166;0.6611111111111111;0.6508620689655172;0.5544433066940573;0.5907631471525995;0.6508620689655172;0.0224323821103241;0.3552760958443306;0.3111022799702045;0.2988313692250773;0.3164754398955064;0.3111022799702045;0.05980416342869124
DecisionTree_BorderlineSmote_ClusterCentroids;0.27017543859649124;0.2654950869236583;0.21839045167334525;0.2864799440271208;0.2654950869236583;0.059551392045795244;0.47407407407407404;0.4741773148937784;0.45935183097598786;0.4697265019284309;0.4741773148937784;0.046829463815991346;0.6532258064516129;0.6715371233034276;0.6445332798782982;0.6395422469687175;0.6715371233034276;0.061586258174050695;0.446031746031746;0.5208811848023734;0.4152493687899092;0.43105949767485385;0.5208811848023734;0.0547836705413136;0.7185185185185184;0.7215636973180078;0.7176319030696737;0.7213952638662061;0.7215636973180078;0.044061788929139326;0.33470475599027066;0.36462840094915566;0.31934725075146875;0.32090471678171145;0.36462840094915566;0.04604158313835894
AdaBoost;0.7035087719298246;0.4746100460386175;0.4621597098105585;0.49915934081746743;0.4746100460386175;0.052468769802919535;0.6092592592592593;0.5002099323440787;0.5113859640303348;0.6119773505063139;0.5002099323440787;0.0992148240507862;0.6693548387096775;0.6631800667126754;0.6515201569664432;0.7497655520492263;0.6631800667126754;0.06523989799996065;0.6;0.543784094171691;0.5730215305085662;0.6974098195278192;0.543784094171691;0.07486054752109489;0.7629629629629631;0.7626915708812261;0.7620443587992319;0.7710704707577595;0.7626915708812261;0.05519122958710317;0.42578792113025926;0.33359366000875434;0.31481250363713514;0.32391360065250674;0.33359366000875434;0.026801588220629623
AdaBoost_SMOTETomek;0.6263157894736842;0.47211915069057925;0.4299763954297356;0.439683366639616;0.47211915069057925;0.09117570652600743;0.6;0.5364706753273827;0.5315869742011442;0.5724645371704196;0.5364706753273827;0.0537842521068181;0.553763440860215;0.512239044168392;0.4781360892984094;0.6261614077476126;0.512239044168392;0.10600558417930768;0.5476190476190476;0.5547899320509139;0.5793424238974317;0.6468717489171733;0.5547899320509139;0.04964751819638652;0.7592592592592592;0.7619133141762452;0.7611952631806741;0.7648486582248769;0.7619133141762452;0.038690687329645465;0.4068208870258241;0.3410968660968661;0.344685530865924;0.41671282504550816;0.3410968660968661;0.04493585675694777
AdaBoost_SMOTEENN;0.11754385964912283;0.1532501889644747;0.07695948972109073;0.08954410889092317;0.1532501889644747;0.019208738076286865;0.3111111111111111;0.40211072971743705;0.32533581117038757;0.40375189975237696;0.40211072971743705;0.07908828917945042;0.30376344086021506;0.4228943811824246;0.3213283949599147;0.49326753586846755;0.4228943811824246;0.09146369053515276;0.4000000000000001;0.5015850799119533;0.3609370096798932;0.4454197855614392;0.5015850799119533;0.09186043830439507;0.6148148148148148;0.6306273946360154;0.5360477556024282;0.6328039392729327;0.6306273946360154;0.05123814912266109;0.18480567199710188;0.30422262922262927;0.2131163191936644;0.2474214695848289;0.30422262922262927;0.058516970804333844
AdaBoost_OverSampler;0.6789473684210527;0.4982134267848553;0.4938671147161931;0.5425735679438352;0.4982134267848553;0.08634652826022382;0.6240740740740741;0.5398264895673432;0.5445079731724444;0.5919852172749805;0.5398264895673432;0.0449909264851458;0.49731182795698925;0.4721201403266621;0.44296963878441525;0.529188899999517;0.4721201403266621;0.10468724467949761;0.580952380952381;0.5302481098669729;0.5616053460866867;0.6611914398726666;0.5302481098669729;0.05504689643081913;0.75;0.7528735632183907;0.7532642467450148;0.7609188796280298;0.7528735632183907;0.04158829678064343;0.46988045334575373;0.35149995008485574;0.3367392307907286;0.37969902926451865;0.35149995008485574;0.07006777142583602
AdaBoost_SMOTE;nan;nan;nan;nan;nan;nan;0.5907407407407408;0.5409838772338772;0.5460071964066536;0.5874428053832957;0.5409838772338772;0.03612139152581592;0.5322580645161291;0.48016304347826094;0.48221903110183334;0.6249907549440902;0.48016304347826094;0.10720510081190897;0.5698412698412697;0.5417204995693368;0.5734845717182703;0.6740178713287955;0.5417204995693368;0.07186628601947488;0.7833333333333332;0.7853807471264368;0.7832923809239363;0.7901656033052834;0.7853807471264368;0.03380157102328552;0.4008694302126999;0.3167104384085516;0.3175405174720331;0.3632816441732494;0.3167104384085516;0.057041565365702596
AdaBoost_BorderlineSmote;0.5754385964912281;0.47485054627911766;0.45691190045065205;0.5662599107719261;0.47485054627911766;0.11259033667939365;0.6462962962962963;0.5725864294919173;0.5779098868476441;0.6189881326788637;0.5725864294919173;0.029857571331961524;0.489247311827957;0.4685314584771107;0.44939233300054804;0.5552991138854075;0.4685314584771107;0.12985566751158054;0.5746031746031747;0.5674167384438703;0.6029625869350802;0.691452539780625;0.5674167384438703;0.033212128026338425;0.7462962962962963;0.7501197318007663;0.7480142076950774;0.7579122182593633;0.7501197318007663;0.010616970160447511;0.4404595559695699;0.39372701023644413;0.3993336580287044;0.47515254981336547;0.39372701023644413;0.05147287865096869
AdaBoost_SVMSMOTE;nan;nan;nan;nan;nan;nan;0.6166666666666667;0.5397239752117801;0.5448157677001916;0.597692780614505;0.5397239752117801;0.04970303794007499;0.5618279569892474;0.5084239130434782;0.45273088696896996;0.4968147593147593;0.5084239130434782;0.18021437550932023;0.580952380952381;0.5512907933773566;0.5875363159008046;0.7019772715774714;0.5512907933773566;0.0776503581460581;0.7425925925925926;0.7462883141762452;0.7465723341201493;0.7520572895748745;0.7462883141762452;0.03609759098851713;0.4244941261708844;0.34137370316615595;0.3401478973361418;0.3740498238712175;0.34137370316615595;0.038879859171974084
AdaBoost_OverSampler_UnderSampler;0.23157894736842102;0.2681749467463753;0.2011993785746021;0.31515657109365647;0.2681749467463753;0.05257111181006813;0.2740740740740741;0.3872917377338109;0.28580727178400617;0.41230924305525063;0.3872917377338109;0.12254969437905706;0.43548387096774194;0.3843138946399816;0.38316982876080524;0.507121861071343;0.3843138946399816;0.09686324885770331;0.47460317460317464;0.5154859316681022;0.4633091702617851;0.4650612542054153;0.5154859316681022;0.07338827118475028;0.7333333333333334;0.7354525862068965;0.7372265978772398;0.7417580908241828;0.7354525862068965;0.030132059501975922;0.28335403405268333;0.2837386059084172;0.271339634137058;0.33728745233416196;0.2837386059084172;0.0703305631165501
AdaBoost_OverSampler_OneSidedSelection;0.5280701754385965;0.3602178245035388;0.3443239504099813;0.4513855996679739;0.3602178245035388;0.11943165853291526;0.4611111111111111;0.46765455919419335;0.42486158397036;0.5028150330656933;0.46765455919419335;0.1340407483902046;0.37365591397849457;0.30143058431101905;0.26132317825536616;0.40995330537370184;0.30143058431101905;0.09966312528669438;0.5619047619047618;0.5055447889750214;0.5267519519430294;0.6615559091154603;0.5055447889750214;0.055170049647091025;0.6685185185185186;0.6576269157088123;0.5543149899706191;0.5483753446664068;0.6576269157088123;0.015157411481028438;0.44639807483310046;0.3453283264604019;0.3213779503875564;0.342779896860482;0.3453283264604019;0.04125832357489358
AdaBoost_OverSampler_ClusterCentroids;0.443859649122807;0.3706280491994778;0.3785264219158934;0.44308836884024855;0.3706280491994778;0.044214825949269454;0.3148148148148148;0.41194564074137247;0.3505024515959618;0.5473523988730024;0.41194564074137247;0.075949002712176;0.43817204301075274;0.39483192431562003;0.36328904215142827;0.48350412622374694;0.39483192431562003;0.18693505129468976;0.4841269841269842;0.501016843717102;0.44984578839011463;0.45521924758266025;0.501016843717102;0.1016967388542742;0.7462962962962963;0.7486829501915709;0.7491878729065921;0.755784053962972;0.7486829501915709;0.04807655820317048;0.3390389691041764;0.3645592876724952;0.34231367900843473;0.3702364677910224;0.3645592876724952;0.0621175468422809
AdaBoost_SMOTE_UnderSampler;nan;nan;nan;nan;nan;nan;0.2740740740740741;0.37035060975609757;0.3092854555323468;0.501265963865766;0.37035060975609757;0.0647090771872869;0.4112903225806452;0.38160297331492976;0.36568318355653834;0.4481113195542042;0.38160297331492976;0.08881259824227984;0.45555555555555555;0.5041929849746387;0.437562707894734;0.4518145324288663;0.5041929849746387;0.062975517676154;0.725925925925926;0.7292265325670497;0.728202812212848;0.7375213348914564;0.7292265325670497;0.041594153820273455;0.28634270040883925;0.355384884158469;0.30660421923152403;0.3581607429856955;0.355384884158469;0.04340176277004957
AdaBoost_SMOTE_ClusterCentroids;nan;nan;nan;nan;nan;nan;0.3092592592592593;0.4390542147554342;0.35377027937119315;0.5035594596331084;0.4390542147554342;0.11357486071522419;0.45967741935483875;0.42733134920634924;0.4066329964071782;0.5200643567012889;0.42733134920634924;0.06378863474858304;0.5158730158730158;0.5623385012919897;0.49423374322675856;0.4835498847146376;0.5623385012919897;0.05270792137150864;0.7666666666666666;0.7719109195402298;0.7696304408511464;0.7809149211702898;0.7719109195402298;0.03652463391911324;0.34822491331573774;0.3415019466906259;0.32400522615829097;0.3809013006994859;0.3415019466906259;0.05255733736519503
AdaBoost_BorderlineSmote_UnderSampler;0.18421052631578946;0.18850065278636705;0.16579571675424354;0.22675164260823985;0.18850065278636705;0.05115201086130022;0.2814814814814815;0.4086885269202343;0.33188781696017683;0.4315211010601226;0.4086885269202343;0.05281236611433663;0.45161290322580644;0.44944933287324584;0.4347523010428586;0.5849902561040959;0.44944933287324584;0.15749498433777667;0.4428571428571429;0.5113407981625037;0.43030740764006326;0.4578746652349866;0.5113407981625037;0.07656045102403862;0.7814814814814816;0.7836446360153256;0.7831124028567061;0.7880719999135773;0.7836446360153256;0.01835899847188671;0.3363478755886767;0.371224495281099;0.32799152449236896;0.3412955619477875;0.371224495281099;0.023223969346358554
AdaBoost_BorderlineSmote_OneSidedSelection;0.5368421052631579;0.38455988455988455;0.3542351312359391;0.395253714719205;0.38455988455988455;0.12662667513234033;0.3240740740740741;0.3394517406712529;0.25580194413949564;0.28450959620956945;0.3394517406712529;0.07879347305265062;0.4811827956989247;0.38892267655854607;0.32861837556901546;0.37475629218276274;0.38892267655854607;0.15914385932789218;0.5476190476190477;0.5232318882189683;0.5402477831264386;0.6507209819402676;0.5232318882189683;0.06214296575001542;0.6777777777777779;0.6666666666666666;0.5613447868283272;0.5530651203631215;0.6666666666666666;0.009480451809547643;0.430225637840915;0.3435123751161487;0.3302158598908351;0.3835435410313797;0.3435123751161487;0.08385534721169671
AdaBoost_BorderlineSmote_ClusterCentroids;0.4824561403508772;0.4035765821480107;0.40978168726513803;0.4694647934271931;0.4035765821480107;0.082607517567059;0.32962962962962966;0.4664984981143518;0.3739713444863067;0.4937032211979672;0.4664984981143518;0.07104064039441113;0.41935483870967744;0.417846359558316;0.4132673815807673;0.5733282172620408;0.417846359558316;0.13600570375173182;0.4857142857142857;0.5090140204804288;0.48348574732871863;0.492244176325873;0.5090140204804288;0.1009549119013236;0.7388888888888889;0.7433548850574713;0.7439008083158459;0.7554418420841292;0.7433548850574713;0.024297554477116377;0.3671143197226103;0.4048559756106926;0.37471153219776404;0.40829092823810154;0.4048559756106926;0.07142686848912097
RandomForest;0.8631578947368421;0.6220882292310863;0.6204349258812041;0.6398011583330295;0.6220882292310863;0.03537261363814305;0.7018518518518518;0.6302592529421798;0.5951001313226144;0.6126360944880089;0.6302592529421798;0.05162500462999357;0.879032258064516;0.841468253968254;0.8584996514699256;0.9076717801299443;0.841468253968254;0.02975459929312544;0.5555555555555555;0.4672516508756819;0.50341962605854;0.6917608969689555;0.4672516508756819;0.03601388084389063;0.8055555555555555;0.8067528735632185;0.8046529610026311;0.8095797269484727;0.8067528735632185;0.021209443359572897;0.5109713812554987;0.35128301118867156;0.3207724183521974;0.38414203294258176;0.35128301118867156;0.04180948502420466
RandomForest_SMOTETomek;0.8736842105263157;0.6487837559266131;0.6342999181780863;0.6297090793772716;0.6487837559266131;0.012411954516878432;0.6962962962962963;0.6497588099569808;0.6374151240325824;0.6543252707210029;0.6497588099569808;0.03770268877367317;0.9059139784946236;0.8802399643432253;0.8942129360246364;0.9227749907097733;0.8802399643432253;0.04719435079750194;0.5952380952380952;0.6383685041630777;0.661321975678414;0.6962173369194634;0.6383685041630777;0.03404097613553565;0.7944444444444444;0.7966954022988507;0.7952864907687959;0.7965462130175488;0.7966954022988507;0.029830217988382396;0.5109066915075299;0.43906666359496543;0.42595936306059873;0.4386634394666155;0.43906666359496543;0.04534866904118085
RandomForest_SMOTEENN;0.22631578947368416;0.2762660619803477;0.1624748767281826;0.1636867769699599;0.2762660619803477;0.03967686469982261;0.462962962962963;0.5919270329941061;0.49374198643336803;0.5063943990448151;0.5919270329941061;0.07719182454657812;0.739247311827957;0.7836805555555556;0.7388871781986127;0.7632032969849017;0.7836805555555556;0.09535547418544947;0.46507936507936504;0.5955773279739688;0.43876915223296503;0.5467973319163605;0.5955773279739688;0.06797553180471994;0.688888888888889;0.7029454022988505;0.6363279576816835;0.6159987872869801;0.7029454022988505;0.10402276026133081;0.2511256016146561;0.41124146643014564;0.30029281826520854;0.27624637846750516;0.41124146643014564;0.018898627977572156
RandomForest_OverSampler;0.8736842105263157;0.6505359719645433;0.6349358449917842;0.6287744931566442;0.6505359719645433;0.025631544335529378;0.6851851851851852;0.6324857747266285;0.6037406058577802;0.6330667230317558;0.6324857747266285;0.03933584714695876;0.8978494623655914;0.8609673337934206;0.8753869786877705;0.9103367881800376;0.8609673337934206;0.027792994952499633;0.5873015873015873;0.6311190066035027;0.6529599960610265;0.6902276386129081;0.6311190066035027;0.02020812139378662;0.7814814814814816;0.7840038314176244;0.7822099706397605;0.7870299259739665;0.7840038314176244;0.03933654973515852;0.49196553330228227;0.3959213567704134;0.38191902287058804;0.3961362762558048;0.3959213567704134;0.04439662372217269
RandomForest_SMOTE;nan;nan;nan;nan;nan;nan;0.7018518518518518;0.6639063595618473;0.6481153336913066;0.6745441547008229;0.6639063595618473;0.04826405786150092;0.8763440860215054;0.8482854554865424;0.8556383993728982;0.8800516814103773;0.8482854554865424;0.03045527580888635;0.626984126984127;0.6685448368264906;0.6921711463235546;0.7252348728034234;0.6685448368264906;0.03507118034752964;0.8074074074074074;0.8081297892720306;0.8058009496170665;0.8107556483926984;0.8081297892720306;0.025112278261656126;0.5228225430833722;0.43624684190721924;0.4297487093905172;0.44522611024858755;0.43624684190721924;0.04476518988744087
RandomForest_BorderlineSmote;0.8736842105263157;0.656720263863121;0.6504393480328504;0.6559772041187536;0.656720263863121;0.048854221598876625;0.7092592592592593;0.6557987947012336;0.6450401851102824;0.7032393923465424;0.6557987947012336;0.054019286172009046;0.9086021505376345;0.883784794110881;0.8954748372804935;0.920462910680302;0.883784794110881;0.03376782950557976;0.6238095238095239;0.6571502057613169;0.6780853606060343;0.7195886399313977;0.6571502057613169;0.053854635818100884;0.7814814814814813;0.7841834291187739;0.7806048590920348;0.7892816479723895;0.7841834291187739;0.028130095703915132;0.47580603425969054;0.3780935870558512;0.3645858520321746;0.36937860699683767;0.3780935870558512;0.05158475175262995
RandomForest_SVMSMOTE;nan;nan;nan;nan;nan;nan;0.6981481481481482;0.6341370079784715;0.6174640786656954;0.6497110153884861;0.6341370079784715;0.03050581423922083;0.9005376344086021;0.8754679951690821;0.8872058392794786;0.9083536123558055;0.8754679951690821;0.05724144918602795;0.5714285714285715;0.5920423006986314;0.619292076443137;0.6885738428818952;0.5920423006986314;0.07175265095014448;0.7833333333333332;0.7853807471264368;0.7832536384324613;0.7857150637508442;0.7853807471264368;0.036292358608134644;0.5153314702685918;0.40719891568948174;0.3866970116831478;0.4149164556013756;0.40719891568948174;0.03554824634545011
RandomForest_OverSampler_UnderSampler;0.3982456140350877;0.39028035456606885;0.32991958771391805;0.38329167025814664;0.39028035456606885;0.041351362776671806;0.6388888888888888;0.6449357434570849;0.60585659794675;0.6098455455130873;0.6449357434570849;0.05599198763813588;0.8010752688172041;0.8214774557165861;0.7933328289010491;0.7990767691322528;0.8214774557165861;0.06373138145311841;0.5301587301587302;0.6174933007943343;0.5637946123304833;0.5537677229251726;0.6174933007943343;0.06391684357979541;0.8185185185185184;0.821779214559387;0.8192855935414415;0.8238499580410877;0.821779214559387;0.01251153877644712;0.3451198054132381;0.4075759670099292;0.35100961605131964;0.3614050760934553;0.4075759670099292;0.03944588249593846
RandomForest_OverSampler_OneSidedSelection;0.5807017543859648;0.4285886071600358;0.37138282476373047;0.35030903264707086;0.4285886071600358;0.15610194803688757;0.5833333333333334;0.5754831144465291;0.5266986681743084;0.5557612540803758;0.5754831144465291;0.11093157976608016;0.8279569892473119;0.7656817920404877;0.7681656744544743;0.8156414881414881;0.7656817920404877;0.1255999654329208;0.5285714285714286;0.5725368456311608;0.5566360916014521;0.588664189182273;0.5725368456311608;0.09044119759364047;0.675925925925926;0.6647509578544061;0.5587445990620156;0.5009524714170146;0.6647509578544061;0.0039553313239812605;0.46395487243181704;0.3886529438416231;0.3568165740848454;0.40334372474271735;0.3886529438416231;0.04088703673677139
RandomForest_OverSampler_ClusterCentroids;0.6877192982456141;0.5448189376760806;0.5166807820258261;0.5233100294773627;0.5448189376760806;0.052787382816962325;0.6388888888888888;0.645967673924991;0.6108905277861177;0.6087351042982793;0.645967673924991;0.033061291504185616;0.8494623655913979;0.8419872900851163;0.8407756162917209;0.8754379100960911;0.8419872900851163;0.045500490433248116;0.5380952380952381;0.6305208632405014;0.5704186984730589;0.549802718372996;0.6305208632405014;0.04424516525408432;0.7944444444444444;0.7974137931034481;0.7952761037999273;0.8010443488760957;0.7974137931034481;0.028780846123660005;0.4081923096827615;0.4341786271031554;0.3884387782878777;0.38094791377520787;0.4341786271031554;0.03547305143743261
RandomForest_SMOTE_UnderSampler;nan;nan;nan;nan;nan;nan;0.6129629629629629;0.6424367147080562;0.5898986423315655;0.6022691236642141;0.6424367147080562;0.03531180903320577;0.8440860215053764;0.8480784161490682;0.830488368209561;0.8253153037106126;0.8480784161490682;0.04440234257784414;0.5015873015873015;0.6097533256770983;0.5252182633247467;0.5205396161882204;0.6097533256770983;0.053583538116856885;0.7777777777777777;0.7787356321839081;0.7768046952064521;0.780355587914495;0.7787356321839081;0.020898126373705916;0.34669823526367544;0.4223272360064813;0.37039420341296037;0.37867853163054094;0.4223272360064813;0.04365819127592426
RandomForest_SMOTE_ClusterCentroids;nan;nan;nan;nan;nan;nan;0.674074074074074;0.6855690464684367;0.645878093188382;0.6391919614793655;0.6855690464684367;0.055325120881498886;0.8548387096774194;0.8493450943179205;0.8427587957207642;0.8525477202377273;0.8493450943179205;0.022180506789724445;0.5111111111111111;0.6094841611637478;0.5422508856958101;0.5313152612427442;0.6094841611637478;0.04907896551750449;0.7962962962962963;0.7996886973180076;0.7973951413532888;0.8025384326539653;0.7996886973180076;0.04196528349289089;0.414182580344667;0.44404589121570254;0.3895389745974011;0.38491831147179184;0.44404589121570254;0.05193475466412659
RandomForest_BorderlineSmote_UnderSampler;0.3017543859649123;0.33618497904212186;0.2689773929820611;0.3264201756848816;0.33618497904212186;0.06259182026517424;0.6333333333333333;0.6347646729963804;0.5948998596748928;0.5915495925991656;0.6347646729963804;0.03176412059209923;0.8118279569892471;0.8167529330572809;0.7999900888726454;0.8029669076579832;0.8167529330572809;0.0528304100450458;0.5031746031746032;0.583171834625323;0.5191215555235935;0.5093354798450759;0.583171834625323;0.05821793702316097;0.8074074074074074;0.8102849616858238;0.8087613953704126;0.8107910944413512;0.8102849616858238;0.028525409359402894;0.343735444806707;0.386225531980249;0.3334720657183952;0.33470367985888644;0.386225531980249;0.05754968220792003
RandomForest_BorderlineSmote_OneSidedSelection;nan;nan;nan;nan;nan;nan;0.5611111111111111;0.526047138836773;0.4923190711918524;0.5531116055241672;0.526047138836773;0.031438277479081005;0.8118279569892474;0.7760704221302047;0.7528899173335989;0.7654303202387567;0.7760704221302047;0.12196392842153196;0.5761904761904763;0.6315377069576036;0.6277101631253067;0.6853709119377863;0.6315377069576036;0.03163906582546182;0.6777777777777779;0.6666666666666666;0.5600937305480059;0.5013661202185792;0.6666666666666666;0.00117629867042444;0.43915282306060144;0.3880833352531466;0.3489643874180215;0.34740750066894527;0.3880833352531466;0.05662673554683173
RandomForest_BorderlineSmote_ClusterCentroids;0.6649122807017545;0.5173675530818388;0.4877423553363298;0.4777846815767505;0.5173675530818388;0.040132656556493056;0.6333333333333333;0.6419418149601076;0.6047145927347243;0.6048617621271066;0.6419418149601076;0.03820678844857761;0.8413978494623656;0.8479957441913964;0.8319467182573906;0.843519932295087;0.8479957441913964;0.017849647576877032;0.4920634920634921;0.5779380801990621;0.5261249610416681;0.5093788537158533;0.5779380801990621;0.07929592038243628;0.7981481481481482;0.8005268199233716;0.799286750950167;0.8001916353114171;0.8005268199233716;0.04117615041750327;0.45822336076178644;0.4651058585020849;0.4098672365542538;0.39416440458348295;0.4651058585020849;0.030910235066118324
HistGradientBoosting;0.8333333333333335;0.6282209853638424;0.6264564763780068;0.6384391833149596;0.6282209853638424;0.03430638256636288;0.6759259259259259;0.6152222506490799;0.5960867831196873;0.6241207468298093;0.6152222506490799;0.02462787209599128;0.8629032258064516;0.8413345410628019;0.843189301895729;0.8620405718494011;0.8413345410628019;0.0348245015980752;0.6126984126984126;0.5859292755287587;0.6148032977248593;0.6732821411599899;0.5859292755287587;0.09235883541625517;0.7333333333333333;0.7345545977011495;0.7363929334379051;0.740786647229454;0.7345545977011495;0.04125169425566532;0.4844744604875019;0.3862633523010881;0.38045728791342626;0.3980254682206132;0.3862633523010881;0.03792348681276184
HistGradientBoosting_SMOTETomek;0.8175438596491228;0.6908712980141551;0.6887399997051832;0.704697951189067;0.6908712980141551;0.10339276846171254;0.6814814814814816;0.608369364375462;0.5958693108890042;0.6257118089028285;0.608369364375462;0.025348435980806366;0.8279569892473119;0.7910203876236485;0.7940561784340474;0.8115150598529222;0.7910203876236485;0.07412186615853962;0.5777777777777778;0.60575772801225;0.6307575868055374;0.6745290967412066;0.60575772801225;0.055380733472003424;0.7685185185185185;0.771132662835249;0.7684170001142249;0.7693323798705413;0.771132662835249;0.03676649809831128;0.4993142886715313;0.40988857403951745;0.4015553224827301;0.4219191603984609;0.40988857403951745;0.045837726191683706
HistGradientBoosting_SMOTEENN;0.2298245614035088;0.27420463134748846;0.15028221464043898;0.1149574585250877;0.27420463134748846;0.040335755544417054;0.4148148148148148;0.5399555119677072;0.42847593240148035;0.4403812577696833;0.5399555119677072;0.06571072718735964;0.6801075268817205;0.6970992926155969;0.6598276083324014;0.6886365334943122;0.6970992926155969;0.09260529261120953;0.4380952380952381;0.5424562159058283;0.3956479847257144;0.4462800824456587;0.5424562159058283;0.06709993920771587;0.5296296296296298;0.5432231800766284;0.4469994232629479;0.4640107204623334;0.5432231800766284;0.21212749616529045;0.2526264037675309;0.390968238609748;0.28285294037891007;0.3658581297909183;0.390968238609748;0.04241493374782649
HistGradientBoosting_OverSampler;0.7859649122807016;0.6474266474266474;0.6351281123988124;0.6353983183102176;0.6474266474266474;0.06285941587854446;0.7092592592592593;0.6473275081964107;0.6301363927187923;0.6691095177484795;0.6473275081964107;0.04454463821309145;0.8602150537634407;0.8450928801472278;0.8451484780900961;0.8498648252438298;0.8450928801472278;0.0652768981509361;0.5317460317460317;0.5537013111302517;0.5732614340361686;0.606276998237595;0.5537013111302517;0.07171394280345907;0.7277777777777779;0.7286278735632185;0.7296881669925314;0.7371506399098977;0.7286278735632185;0.02627413954954985;0.4962868084665942;0.42014191259474276;0.4158642028351114;0.42140681995343005;0.42014191259474276;0.0364278009383384
HistGradientBoosting_SMOTE;nan;nan;nan;nan;nan;nan;0.7055555555555556;0.6406013701745409;0.6360309381184975;0.6624060075268716;0.6406013701745409;0.05121388083618665;0.782258064516129;0.7422489648033125;0.7479310136812828;0.7683150806520372;0.7422489648033125;0.07567910707829634;0.5888888888888889;0.6240011005837879;0.6365029363939811;0.6583523340853797;0.6240011005837879;0.03735046591370707;0.7722222222222221;0.7737068965517242;0.7751163166894908;0.7799994152681552;0.7737068965517242;0.0335067435381694;0.4831547896289396;0.4099567274095575;0.3973153504698214;0.40806766313160175;0.4099567274095575;0.050157162027175045
HistGradientBoosting_BorderlineSmote;0.7982456140350876;0.6000996358139216;0.5895880759407033;0.5904821868081331;0.6000996358139216;0.04070577748351016;0.688888888888889;0.6021401396706275;0.608993225191269;0.6531704155585304;0.6021401396706275;0.05326322568385481;0.846774193548387;0.8078782781228434;0.8172413865930764;0.8425482927450695;0.8078782781228434;0.055638674257485345;0.6285714285714284;0.6233012728490764;0.6455251455578171;0.6922646349786477;0.6233012728490764;0.05855300641177767;0.7462962962962963;0.7488625478927203;0.7470873590421269;0.7512439794917057;0.7488625478927203;0.03895963780654054;0.5212052993841536;0.44896253292479704;0.43202298853119764;0.43942252530892684;0.44896253292479704;0.03815447382607584
HistGradientBoosting_SVMSMOTE;nan;nan;nan;nan;nan;nan;0.6833333333333332;0.6144387827619535;0.592274557646368;0.6318837717071851;0.6144387827619535;0.02465996781975663;0.85752688172043;0.8116172072693812;0.8277332846937288;0.8786915443351381;0.8116172072693812;0.04786079676941774;0.6063492063492063;0.6075820652694038;0.6334874066079971;0.6840192745187946;0.6075820652694038;0.042617150734188765;0.7888888888888889;0.7898706896551725;0.7914052096331834;0.7987236057456828;0.7898706896551725;0.02753498183852125;0.5138953578636858;0.41006961242810297;0.3956366737912673;0.3974966247970791;0.41006961242810297;0.031327987080719495
HistGradientBoosting_OverSampler_UnderSampler;0.02631578947368421;0.14285714285714282;0.007318685942712874;0.0037593984962406013;0.14285714285714282;0.0014276697424183225;0.562962962962963;0.5866212073834025;0.5493223127844892;0.5499145732805629;0.5866212073834025;0.067984182922122;0.3790322580645162;0.25;0.13741450068399452;0.09475806451612905;0.25;0.002120383036935708;0.40952380952380946;0.3333333333333333;0.19369369369369369;0.1365079365079365;0.3333333333333333;0.0;0.7351851851851853;0.7395234674329502;0.7355825562360642;0.7412610312679231;0.7395234674329502;0.06387980107901206;0.32312529110386584;0.3615835771496149;0.308606022498262;0.31206856956062945;0.3615835771496149;0.04240802970886098
HistGradientBoosting_OverSampler_OneSidedSelection;0.5894736842105263;0.4642685356971071;0.4477385665890734;0.49754626012549696;0.4642685356971071;0.14821760723818306;0.4925925925925925;0.5418532534538633;0.486312088150682;0.5230628897409664;0.5418532534538633;0.09371018994334357;0.7983870967741935;0.7545742753623187;0.7611566991137136;0.7992949957114606;0.7545742753623187;0.035162730493115774;0.546031746031746;0.5470439755000479;0.5443794786533418;0.5989362392793255;0.5470439755000479;0.0711222926985824;0.6574074074074073;0.6475694444444444;0.5338187382167229;0.46114423381597436;0.6475694444444444;0.016903790493450564;0.4625058220773172;0.38164600947619814;0.34054466190833405;0.3421450295170952;0.38164600947619814;0.031380114188733856
HistGradientBoosting_OverSampler_ClusterCentroids;0.02631578947368421;0.14285714285714282;0.007318685942712874;0.0037593984962406013;0.14285714285714282;0.0014276697424183225;0.5870370370370371;0.6030846457065969;0.5652632094615581;0.5639788816566372;0.6030846457065969;0.06022968726201954;0.3790322580645162;0.25;0.13741450068399452;0.09475806451612905;0.25;0.002120383036935708;0.40952380952380946;0.3333333333333333;0.19369369369369369;0.1365079365079365;0.3333333333333333;0.0;0.7518518518518519;0.7531728927203064;0.7550357585093114;0.7625262500069293;0.7531728927203064;0.04768928338516124;0.3744501371422657;0.3962164320654886;0.34335261066661166;0.33959338350271806;0.3962164320654886;0.033447355000411357
HistGradientBoosting_SMOTE_UnderSampler;nan;nan;nan;nan;nan;nan;0.55;0.5683122027024465;0.5209909320495146;0.5233644405152584;0.5683122027024465;0.0738531813056584;0.3790322580645162;0.25;0.13741450068399452;0.09475806451612905;0.25;0.002120383036935708;0.40952380952380946;0.3333333333333333;0.19369369369369369;0.1365079365079365;0.3333333333333333;0.0;0.7407407407407408;0.7434746168582377;0.743951733726957;0.7503010495710853;0.7434746168582377;0.03170573768420496;0.3627154168607359;0.40283614010029095;0.3423134340212881;0.34299432802802987;0.40283614010029095;0.013304679704464709
HistGradientBoosting_SMOTE_ClusterCentroids;nan;nan;nan;nan;nan;nan;0.5796296296296296;0.5795133795743551;0.5435309825756548;0.540062203517229;0.5795133795743551;0.055706094843722555;0.3790322580645162;0.25;0.13741450068399452;0.09475806451612905;0.25;0.002120383036935708;0.40952380952380946;0.3333333333333333;0.19369369369369369;0.1365079365079365;0.3333333333333333;0.0;0.7814814814814816;0.7845426245210728;0.7841796156676728;0.789212162670417;0.7845426245210728;0.03577569385135363;0.35985613000051747;0.37860867294829564;0.3372183374134144;0.3288219398403629;0.37860867294829564;0.013020708380776643
HistGradientBoosting_BorderlineSmote_UnderSampler;0.02631578947368421;0.14285714285714282;0.007318685942712874;0.0037593984962406013;0.14285714285714282;0.0014276697424183225;0.5370370370370371;0.5583502117800899;0.5026926512018951;0.5015586792852378;0.5583502117800899;0.036318501224567715;0.3790322580645162;0.25;0.13741450068399452;0.09475806451612905;0.25;0.002120383036935708;0.40952380952380946;0.3333333333333333;0.19369369369369369;0.1365079365079365;0.3333333333333333;0.0;0.7296296296296297;0.7309027777777778;0.7305859686702104;0.7395278046599433;0.7309027777777778;0.0211504258099221;0.33770636029602025;0.34280607582494377;0.30720095617788645;0.31834358294282933;0.34280607582494377;0.04976601654918165
HistGradientBoosting_BorderlineSmote_OneSidedSelection;0.5982456140350877;0.4422284065141208;0.40891251012383223;0.4493058897062703;0.4422284065141208;0.1919380630024183;0.49814814814814806;0.5160129910739667;0.46266359610548385;0.4990307366082581;0.5160129910739667;0.08544475920337914;0.7876344086021505;0.7418284161490684;0.7274889771478662;0.7229425710411542;0.7418284161490684;0.09889649981398643;0.5650793650793651;0.5749054933486458;0.5639831318331168;0.5934073963735741;0.5749054933486458;0.12606521907614307;0.6722222222222222;0.6618175287356322;0.5670519818492838;0.5629607578166762;0.6618175287356322;0.027597232910651654;0.4303420793872587;0.36686402346779706;0.3424054099180303;0.3323498542146745;0.36686402346779706;0.04717799303838513
HistGradientBoosting_BorderlineSmote_ClusterCentroids;0.02631578947368421;0.14285714285714282;0.007318685942712874;0.0037593984962406013;0.14285714285714282;0.0014276697424183225;0.585185185185185;0.607895559724828;0.560994569753413;0.5715231221080658;0.607895559724828;0.0288691205785696;0.3790322580645162;0.25;0.13741450068399452;0.09475806451612905;0.25;0.002120383036935708;0.40952380952380946;0.3333333333333333;0.19369369369369369;0.1365079365079365;0.3333333333333333;0.0;0.7666666666666666;0.7692169540229886;0.7651107205052409;0.767704216040712;0.7692169540229886;0.040775644499062284;0.34224758060342597;0.3636483362898457;0.3251861416252237;0.3341863185591323;0.3636483362898457;0.03768246398417081
